product_key,product_id,product_number,product_name,product_line,class,style,color,size,standard_cost,list_price,safety_stock_level,reorder_point,make_flag,finished_goods_flag,sell_start_date,sell_end_date,discontinued_date,is_active_product
c4ca4238a0b923820dcc509a6f75849b,1,AR-5381,Adjustable Race,,,,,,0,0,1000,750,f,f,2008-04-30,,,t
c81e728d9d4c2f636f067f89cc14862c,2,BA-8327,Bearing Ball,,,,,,0,0,1000,750,f,f,2008-04-30,,,t
eccbc87e4b5ce2fe28308fd9f2a7baf3,3,BE-2349,BB Ball Bearing,,,,,,0,0,800,600,t,f,2008-04-30,,,t
a87ff679a2f3e71d9181a67b7542122c,4,BE-2908,Headset Ball Bearings,,,,,,0,0,800,600,f,f,2008-04-30,,,t
3fe94a002317b5f9259f82690aeea4cd,316,BL-2036,Blade,,,,,,0,0,800,600,t,f,2008-04-30,,,t
5b8add2a5d98b1a652ea7fd72d942dac,317,CA-5965,LL Crankarm,,L ,,Black,,0,0,500,375,f,f,2008-04-30,,,t
432aca3a1e345e339f35a30c8f65edce,318,CA-6738,ML Crankarm,,M ,,Black,,0,0,500,375,f,f,2008-04-30,,,t
8d3bba7425e7c98c50f52ca1b52d3735,319,CA-7457,HL Crankarm,,,,Black,,0,0,500,375,f,f,2008-04-30,,,t
320722549d1751cf3f247855f937b982,320,CB-2903,Chainring Bolts,,,,Silver,,0,0,1000,750,f,f,2008-04-30,,,t
caf1a3dfb505ffed0d024130f58c5cfa,321,CN-6137,Chainring Nut,,,,Silver,,0,0,1000,750,f,f,2008-04-30,,,t
5737c6ec2e0716f3d8a7a5c4e0de0d9a,322,CR-7833,Chainring,,,,Black,,0,0,1000,750,f,f,2008-04-30,,,t
bc6dc48b743dc5d013b1abaebd2faed2,323,CR-9981,Crown Race,,,,,,0,0,1000,750,f,f,2008-04-30,,,t
f2fc990265c712c49d51a18a32b39f0c,324,CS-2812,Chain Stays,,,,,,0,0,1000,750,t,f,2008-04-30,,,t
89f0fd5c927d466d6ec9a21b9ac34ffa,325,DC-8732,Decal 1,,,,,,0,0,1000,750,f,f,2008-04-30,,,t
a666587afda6e89aec274a3657558a27,326,DC-9824,Decal 2,,,,,,0,0,1000,750,f,f,2008-04-30,,,t
b83aac23b9528732c23cc7352950e880,327,DT-2377,Down Tube,,,,,,0,0,800,600,t,f,2008-04-30,,,t
cd00692c3bfe59267d5ecfac5310286c,328,EC-M092,Mountain End Caps,,,,,,0,0,1000,750,t,f,2008-04-30,,,t
6faa8040da20ef399b63a72d0e4ab575,329,EC-R098,Road End Caps,,,,,,0,0,1000,750,t,f,2008-04-30,,,t
fe73f687e5bc5280214e0486b273a5f9,330,EC-T209,Touring End Caps,,,,,,0,0,1000,750,t,f,2008-04-30,,,t
6da37dd3139aa4d9aa55b8d237ec5d4a,331,FE-3760,Fork End,,,,,,0,0,800,600,t,f,2008-04-30,,,t
c042f4db68f23406c6cecf84a7ebb0fe,332,FH-2981,Freewheel,,,,Silver,,0,0,500,375,f,f,2008-04-30,,,t
3dd48ab31d016ffcbf3314df2b3cb9ce,341,FW-1000,Flat Washer 1,,,,,,0,0,1000,750,f,f,2008-04-30,,,t
58238e9ae2dd305d79c2ebc8c1883422,342,FW-1200,Flat Washer 6,,,,,,0,0,1000,750,f,f,2008-04-30,,,t
3ad7c2ebb96fcba7cda0cf54a2e802f5,343,FW-1400,Flat Washer 2,,,,,,0,0,1000,750,f,f,2008-04-30,,,t
b3967a0e938dc2a6340e258630febd5a,344,FW-3400,Flat Washer 9,,,,,,0,0,1000,750,f,f,2008-04-30,,,t
d81f9c1be2e08964bf9f24b15f0e4900,345,FW-3800,Flat Washer 4,,,,,,0,0,1000,750,f,f,2008-04-30,,,t
13f9896df61279c928f19721878fac41,346,FW-5160,Flat Washer 3,,,,,,0,0,1000,750,f,f,2008-04-30,,,t
c5ff2543b53f4cc0ad3819a36752467b,347,FW-5800,Flat Washer 8,,,,,,0,0,1000,750,f,f,2008-04-30,,,t
01386bd6d8e091c2ab4c7c7de644d37b,348,FW-7160,Flat Washer 5,,,,,,0,0,1000,750,f,f,2008-04-30,,,t
0bb4aec1710521c12ee76289d9440817,349,FW-9160,Flat Washer 7,,,,,,0,0,1000,750,f,f,2008-04-30,,,t
9de6d14fff9806d4bcd1ef555be766cd,350,FC-3654,Fork Crown,,,,,,0,0,800,600,t,f,2008-04-30,,,t
efe937780e95574250dabe07151bdc23,351,FC-3982,Front Derailleur Cage,,,,Silver,,0,0,800,600,f,f,2008-04-30,,,t
371bce7dc83817b7893bcdeed13799b5,352,FL-2301,Front Derailleur Linkage,,,,Silver,,0,0,800,600,f,f,2008-04-30,,,t
82cec96096d4281b7c95cd7e74623496,355,GP-0982,Guide Pulley,,,,,,0,0,800,600,f,f,2008-04-30,,,t
6c524f9d5d7027454a783c841250ba71,356,GT-0820,LL Grip Tape,,L ,,,,0,0,800,600,f,f,2008-04-30,,,t
fb7b9ffa5462084c5f4e7e85a093e6d7,357,GT-1209,ML Grip Tape,,M ,,,,0,0,800,600,f,f,2008-04-30,,,t
aa942ab2bfa6ebda4840e7360ce6e7ef,358,GT-2908,HL Grip Tape,,,,,,0,0,800,600,f,f,2008-04-30,,,t
c058f544c737782deacefa532d9add4c,359,HJ-1213,Thin-Jam Hex Nut 9,,,,,,0,0,1000,750,f,f,2008-04-30,,,t
e7b24b112a44fdd9ee93bdf998c6ca0e,360,HJ-1220,Thin-Jam Hex Nut 10,,,,,,0,0,1000,750,f,f,2008-04-30,,,t
52720e003547c70561bf5e03b95aa99f,361,HJ-1420,Thin-Jam Hex Nut 1,,,,,,0,0,1000,750,f,f,2008-04-30,,,t
c3e878e27f52e2a57ace4d9a76fd9acf,362,HJ-1428,Thin-Jam Hex Nut 2,,,,,,0,0,1000,750,f,f,2008-04-30,,,t
00411460f7c92d2124a67ea0f4cb5f85,363,HJ-3410,Thin-Jam Hex Nut 15,,,,,,0,0,1000,750,f,f,2008-04-30,,,t
bac9162b47c56fc8a4d2a519803d51b3,364,HJ-3416,Thin-Jam Hex Nut 16,,,,,,0,0,1000,750,f,f,2008-04-30,,,t
9be40cee5b0eee1462c82c6964087ff9,365,HJ-3816,Thin-Jam Hex Nut 5,,,,,,0,0,1000,750,f,f,2008-04-30,,,t
5ef698cd9fe650923ea331c15af3b160,366,HJ-3824,Thin-Jam Hex Nut 6,,,,,,0,0,1000,750,f,f,2008-04-30,,,t
05049e90fa4f5039a8cadc6acbb4b2cc,367,HJ-5161,Thin-Jam Hex Nut 3,,,,,,0,0,1000,750,f,f,2008-04-30,,,t
cf004fdc76fa1a4f25f62e0eb5261ca3,368,HJ-5162,Thin-Jam Hex Nut 4,,,,,,0,0,1000,750,f,f,2008-04-30,,,t
0c74b7f78409a4022a2c4c5a5ca3ee19,369,HJ-5811,Thin-Jam Hex Nut 13,,,,,,0,0,1000,750,f,f,2008-04-30,,,t
d709f38ef758b5066ef31b18039b8ce5,370,HJ-5818,Thin-Jam Hex Nut 14,,,,,,0,0,1000,750,f,f,2008-04-30,,,t
41f1f19176d383480afa65d325c06ed0,371,HJ-7161,Thin-Jam Hex Nut 7,,,,,,0,0,1000,750,f,f,2008-04-30,,,t
24b16fede9a67c9251d3e7c7161c83ac,372,HJ-7162,Thin-Jam Hex Nut 8,,,,,,0,0,1000,750,f,f,2008-04-30,,,t
ffd52f3c7e12435a724a8f30fddadd9c,373,HJ-9080,Thin-Jam Hex Nut 12,,,,,,0,0,1000,750,f,f,2008-04-30,,,t
ad972f10e0800b49d76fed33a21f6698,374,HJ-9161,Thin-Jam Hex Nut 11,,,,,,0,0,1000,750,f,f,2008-04-30,,,t
f61d6947467ccd3aa5af24db320235dd,375,HN-1024,Hex Nut 5,,,,,,0,0,1000,750,f,f,2008-04-30,,,t
142949df56ea8ae0be8b5306971900a4,376,HN-1032,Hex Nut 6,,,,,,0,0,1000,750,f,f,2008-04-30,,,t
d34ab169b70c9dcd35e62896010cd9ff,377,HN-1213,Hex Nut 16,,,,,,0,0,1000,750,f,f,2008-04-30,,,t
8bf1211fd4b7b94528899de0a43b9fb3,378,HN-1220,Hex Nut 17,,,,,,0,0,1000,750,f,f,2008-04-30,,,t
a02ffd91ece5e7efeb46db8f10a74059,379,HN-1224,Hex Nut 7,,,,,,0,0,1000,750,f,f,2008-04-30,,,t
bca82e41ee7b0833588399b1fcd177c7,380,HN-1420,Hex Nut 8,,,,,,0,0,1000,750,f,f,2008-04-30,,,t
00ec53c4682d36f5c4359f4ae7bd7ba1,381,HN-1428,Hex Nut 9,,,,,,0,0,1000,750,f,f,2008-04-30,,,t
4f6ffe13a5d75b2d6a3923922b3922e5,382,HN-3410,Hex Nut 22,,,,,,0,0,1000,750,f,f,2008-04-30,,,t
beed13602b9b0e6ecb5b568ff5058f07,383,HN-3416,Hex Nut 23,,,,,,0,0,1000,750,f,f,2008-04-30,,,t
0584ce565c824b7b7f50282d9a19945b,384,HN-3816,Hex Nut 12,,,,,,0,0,1000,750,f,f,2008-04-30,,,t
dc912a253d1e9ba40e2c597ed2376640,385,HN-3824,Hex Nut 13,,,,,,0,0,1000,750,f,f,2008-04-30,,,t
39461a19e9eddfb385ea76b26521ea48,386,HN-4402,Hex Nut 1,,,,,,0,0,1000,750,f,f,2008-04-30,,,t
8efb100a295c0c690931222ff4467bb8,387,HN-5161,Hex Nut 10,,,,,,0,0,1000,750,f,f,2008-04-30,,,t
d9fc5b73a8d78fad3d6dffe419384e70,388,HN-5162,Hex Nut 11,,,,,,0,0,1000,750,f,f,2008-04-30,,,t
c86a7ee3d8ef0b551ed58e354a836f2b,389,HN-5400,Hex Nut 2,,,,,,0,0,1000,750,f,f,2008-04-30,,,t
a01a0380ca3c61428c26a231f0e49a09,390,HN-5811,Hex Nut 20,,,,,,0,0,1000,750,f,f,2008-04-30,,,t
5a4b25aaed25c2ee1b74de72dc03c14e,391,HN-5818,Hex Nut 21,,,,,,0,0,1000,750,f,f,2008-04-30,,,t
f73b76ce8949fe29bf2a537cfa420e8f,392,HN-6320,Hex Nut 3,,,,,,0,0,1000,750,f,f,2008-04-30,,,t
70c639df5e30bdee440e4cdf599fec2b,393,HN-7161,Hex Nut 14,,,,,,0,0,1000,750,f,f,2008-04-30,,,t
28f0b864598a1291557bed248a998d4e,394,HN-7162,Hex Nut 15,,,,,,0,0,1000,750,f,f,2008-04-30,,,t
1543843a4723ed2ab08e18053ae6dc5b,395,HN-8320,Hex Nut 4,,,,,,0,0,1000,750,f,f,2008-04-30,,,t
f8c1f23d6a8d8d7904fc0ea8e066b3bb,396,HN-9161,Hex Nut 18,,,,,,0,0,1000,750,f,f,2008-04-30,,,t
e46de7e1bcaaced9a54f1e9d0d2f800d,397,HN-9168,Hex Nut 19,,,,,,0,0,1000,750,f,f,2008-04-30,,,t
b7b16ecf8ca53723593894116071700c,398,HT-2981,Handlebar Tube,,,,,,0,0,800,600,t,f,2008-04-30,,,t
352fe25daf686bdb4edca223c921acea,399,HT-8019,Head Tube,,,,,,0,0,800,600,t,f,2008-04-30,,,t
18d8042386b79e2c279fd162df0205c8,400,HU-6280,LL Hub,,L ,,,,0,0,500,375,t,f,2008-04-30,,,t
816b112c6105b3ebd537828a39af4818,401,HU-8998,HL Hub,,,,,,0,0,500,375,t,f,2008-04-30,,,t
69cb3ea317a32c4e6143e665fdb20b14,402,KW-4091,Keyed Washer,,,,,,0,0,1000,750,f,f,2008-04-30,,,t
bbf94b34eb32268ada57a3be5062fe7d,403,LE-1000,External Lock Washer 3,,,,,,0,0,1000,750,f,f,2008-04-30,,,t
4f4adcbf8c6f66dcfc8a3282ac2bf10a,404,LE-1200,External Lock Washer 4,,,,,,0,0,1000,750,f,f,2008-04-30,,,t
bbcbff5c1f1ded46c25d28119a85c6c2,405,LE-1201,External Lock Washer 9,,,,,,0,0,1000,750,f,f,2008-04-30,,,t
8cb22bdd0b7ba1ab13d742e22eed8da2,406,LE-1400,External Lock Washer 5,,,,,,0,0,1000,750,f,f,2008-04-30,,,t
f4f6dce2f3a0f9dada0c2b5b66452017,407,LE-3800,External Lock Washer 7,,,,,,0,0,1000,750,f,f,2008-04-30,,,t
0d0fd7c6e093f7b804fa0150b875b868,408,LE-5160,External Lock Washer 6,,,,,,0,0,1000,750,f,f,2008-04-30,,,t
a96b65a721e561e1e3de768ac819ffbb,409,LE-6000,External Lock Washer 1,,,,,,0,0,1000,750,f,f,2008-04-30,,,t
1068c6e4c8051cfd4e9ea8072e3189e2,410,LE-7160,External Lock Washer 8,,,,,,0,0,1000,750,f,f,2008-04-30,,,t
17d63b1625c816c22647a73e1482372b,411,LE-8000,External Lock Washer 2,,,,,,0,0,1000,750,f,f,2008-04-30,,,t
b9228e0962a78b84f3d5d92f4faa000b,412,LI-1000,Internal Lock Washer 3,,,,,,0,0,1000,750,f,f,2008-04-30,,,t
0deb1c54814305ca9ad266f53bc82511,413,LI-1200,Internal Lock Washer 4,,,,,,0,0,1000,750,f,f,2008-04-30,,,t
66808e327dc79d135ba18e051673d906,414,LI-1201,Internal Lock Washer 9,,,,,,0,0,1000,750,f,f,2008-04-30,,,t
42e7aaa88b48137a16a1acd04ed91125,415,LI-1400,Internal Lock Washer 5,,,,,,0,0,1000,750,f,f,2008-04-30,,,t
8fe0093bb30d6f8c31474bd0764e6ac0,416,LI-3800,Internal Lock Washer 7,,,,,,0,0,1000,750,f,f,2008-04-30,,,t
41ae36ecb9b3eee609d05b90c14222fb,417,LI-5160,Internal Lock Washer 6,,,,,,0,0,1000,750,f,f,2008-04-30,,,t
d1f255a373a3cef72e03aa9d980c7eca,418,LI-5800,Internal Lock Washer 10,,,,,,0,0,1000,750,f,f,2008-04-30,,,t
7eacb532570ff6858afd2723755ff790,419,LI-6000,Internal Lock Washer 1,,,,,,0,0,1000,750,f,f,2008-04-30,,,t
b6f0479ae87d244975439c6124592772,420,LI-7160,Internal Lock Washer 8,,,,,,0,0,1000,750,f,f,2008-04-30,,,t
e0c641195b27425bb056ac56f8953d24,421,LI-8000,Internal Lock Washer 2,,,,,,0,0,1000,750,f,f,2008-04-30,,,t
f85454e8279be180185cac7d243c5eb3,422,LJ-1213,Thin-Jam Lock Nut 9,,,,,,0,0,1000,750,f,f,2008-04-30,,,t
faa9afea49ef2ff029a833cccc778fd0,423,LJ-1220,Thin-Jam Lock Nut 10,,,,,,0,0,1000,750,f,f,2008-04-30,,,t
3c7781a36bcd6cf08c11a970fbe0e2a6,424,LJ-1420,Thin-Jam Lock Nut 1,,,,,,0,0,1000,750,f,f,2008-04-30,,,t
25b2822c2f5a3230abfadd476e8b04c9,425,LJ-1428,Thin-Jam Lock Nut 2,,,,,,0,0,1000,750,f,f,2008-04-30,,,t
6ecbdd6ec859d284dc13885a37ce8d81,426,LJ-3410,Thin-Jam Lock Nut 15,,,,,,0,0,1000,750,f,f,2008-04-30,,,t
18997733ec258a9fcaf239cc55d53363,427,LJ-3416,Thin-Jam Lock Nut 16,,,,,,0,0,1000,750,f,f,2008-04-30,,,t
8d7d8ee069cb0cbbf816bbb65d56947e,428,LJ-3816,Thin-Jam Lock Nut 5,,,,,,0,0,1000,750,f,f,2008-04-30,,,t
75fc093c0ee742f6dddaa13fff98f104,429,LJ-3824,Thin-Jam Lock Nut 6,,,,,,0,0,1000,750,f,f,2008-04-30,,,t
f74909ace68e51891440e4da0b65a70c,430,LJ-5161,Thin-Jam Lock Nut 3,,,,,,0,0,1000,750,f,f,2008-04-30,,,t
66368270ffd51418ec58bd793f2d9b1b,431,LJ-5162,Thin-Jam Lock Nut 4,,,,,,0,0,1000,750,f,f,2008-04-30,,,t
248e844336797ec98478f85e7626de4a,432,LJ-5811,Thin-Jam Lock Nut 13,,,,,,0,0,1000,750,f,f,2008-04-30,,,t
019d385eb67632a7e958e23f24bd07d7,433,LJ-5818,Thin-Jam Lock Nut 14,,,,,,0,0,1000,750,f,f,2008-04-30,,,t
a49e9411d64ff53eccfdd09ad10a15b3,434,LJ-7161,Thin-Jam Lock Nut 7,,,,,,0,0,1000,750,f,f,2008-04-30,,,t
ddb30680a691d157187ee1cf9e896d03,435,LJ-7162,Thin-Jam Lock Nut 8,,,,,,0,0,1000,750,f,f,2008-04-30,,,t
2421fcb1263b9530df88f7f002e78ea5,436,LJ-9080,Thin-Jam Lock Nut 12,,,,,,0,0,1000,750,f,f,2008-04-30,,,t
fccb60fb512d13df5083790d64c4d5dd,437,LJ-9161,Thin-Jam Lock Nut 11,,,,,,0,0,1000,750,f,f,2008-04-30,,,t
1651cf0d2f737d7adeab84d339dbabd3,438,LN-1024,Lock Nut 5,,,,,,0,0,1000,750,f,f,2008-04-30,,,t
eed5af6add95a9a6f1252739b1ad8c24,439,LN-1032,Lock Nut 6,,,,,,0,0,1000,750,f,f,2008-04-30,,,t
a8abb4bb284b5b27aa7cb790dc20f80b,440,LN-1213,Lock Nut 16,,,,,,0,0,1000,750,f,f,2008-04-30,,,t
15d4e891d784977cacbfcbb00c48f133,441,LN-1220,Lock Nut 17,,,,,,0,0,1000,750,f,f,2008-04-30,,,t
c203d8a151612acf12457e4d67635a95,442,LN-1224,Lock Nut 7,,,,,,0,0,1000,750,f,f,2008-04-30,,,t
13f3cf8c531952d72e5847c4183e6910,443,LN-1420,Lock Nut 8,,,,,,0,0,1000,750,f,f,2008-04-30,,,t
550a141f12de6341fba65b0ad0433500,444,LN-1428,Lock Nut 9,,,,,,0,0,1000,750,f,f,2008-04-30,,,t
67f7fb873eaf29526a11a9b7ac33bfac,445,LN-3410,Lock Nut 22,,,,,,0,0,1000,750,f,f,2008-04-30,,,t
1a5b1e4daae265b790965a275b53ae50,446,LN-3416,Lock Nut 23,,,,,,0,0,1000,750,f,f,2008-04-30,,,t
9a96876e2f8f3dc4f3cf45f02c61c0c1,447,LN-3816,Lock Nut 12,,,,,,0,0,1000,750,f,f,2008-04-30,,,t
9b70e8fe62e40c570a322f1b0b659098,448,LN-3824,Lock Nut 13,,,,,,0,0,1000,750,f,f,2008-04-30,,,t
d61e4bbd6393c9111e6526ea173a7c8b,449,LN-4400,Lock Nut 1,,,,,,0,0,1000,750,f,f,2008-04-30,,,t
f5f8590cd58a54e94377e6ae2eded4d9,450,LN-5161,Lock Nut 10,,,,,,0,0,1000,750,f,f,2008-04-30,,,t
941e1aaaba585b952b62c14a3a175a61,451,LN-5162,Lock Nut 11,,,,,,0,0,1000,750,f,f,2008-04-30,,,t
9431c87f273e507e6040fcb07dcb4509,452,LN-5400,Lock Nut 2,,,,,,0,0,1000,750,f,f,2008-04-30,,,t
49ae49a23f67c759bf4fc791ba842aa2,453,LN-5811,Lock Nut 20,,,,,,0,0,1000,750,f,f,2008-04-30,,,t
e44fea3bec53bcea3b7513ccef5857ac,454,LN-5818,Lock Nut 21,,,,,,0,0,1000,750,f,f,2008-04-30,,,t
821fa74b50ba3f7cba1e6c53e8fa6845,455,LN-6320,Lock Nut 3,,,,,,0,0,1000,750,f,f,2008-04-30,,,t
250cf8b51c773f3f8dc8b4be867a9a02,456,LN-7161,Lock Nut 14,,,,,,0,0,1000,750,f,f,2008-04-30,,,t
42998cf32d552343bc8e460416382dca,457,LN-7162,Lock Nut 15,,,,,,0,0,1000,750,f,f,2008-04-30,,,t
d07e70efcfab08731a97e7b91be644de,458,LN-8320,Lock Nut 4,,,,,,0,0,1000,750,f,f,2008-04-30,,,t
7fe1f8abaad094e0b5cb1b01d712f708,459,LN-9080,Lock Nut 19,,,,,,0,0,1000,750,f,f,2008-04-30,,,t
98b297950041a42470269d56260243a1,460,LN-9161,Lock Nut 18,,,,,,0,0,1000,750,f,f,2008-04-30,,,t
0353ab4cbed5beae847a7ff6e220b5cf,461,LR-2398,Lock Ring,,,,Silver,,0,0,1000,750,f,f,2008-04-30,,,t
51d92be1c60d1db1d2e5e7a07da55b26,462,LR-8520,Lower Head Race,,,,,,0,0,1000,750,f,f,2008-04-30,,,t
428fca9bc1921c25c5121f9da7815cde,463,LW-1000,Lock Washer 4,,,,,,0,0,1000,750,f,f,2008-04-30,,,t
f1b6f2857fb6d44dd73c7041e0aa0f19,464,LW-1200,Lock Washer 5,,,,,,0,0,1000,750,f,f,2008-04-30,,,t
68ce199ec2c5517597ce0a4d89620f55,465,LW-1201,Lock Washer 10,,,,,,0,0,1000,750,f,f,2008-04-30,,,t
e836d813fd184325132fca8edcdfb40e,466,LW-1400,Lock Washer 6,,,,,,0,0,1000,750,f,f,2008-04-30,,,t
ab817c9349cf9c4f6877e1894a1faa00,467,LW-3400,Lock Washer 13,,,,,,0,0,1000,750,f,f,2008-04-30,,,t
877a9ba7a98f75b90a9d49f53f15a858,468,LW-3800,Lock Washer 8,,,,,,0,0,1000,750,f,f,2008-04-30,,,t
dc6a6489640ca02b0d42dabeb8e46bb7,469,LW-4000,Lock Washer 1,,,,,,0,0,1000,750,f,f,2008-04-30,,,t
26337353b7962f533d78c762373b3318,470,LW-5160,Lock Washer 7,,,,,,0,0,1000,750,f,f,2008-04-30,,,t
8e6b42f1644ecb1327dc03ab345e618b,471,LW-5800,Lock Washer 12,,,,,,0,0,1000,750,f,f,2008-04-30,,,t
ef575e8837d065a1683c022d2077d342,472,LW-6000,Lock Washer 2,,,,,,0,0,1000,750,f,f,2008-04-30,,,t
2050e03ca119580f74cca14cc6e97462,473,LW-7160,Lock Washer 9,,,,,,0,0,1000,750,f,f,2008-04-30,,,t
25ddc0f8c9d3e22e03d3076f98d83cb2,474,LW-8000,Lock Washer 3,,,,,,0,0,1000,750,f,f,2008-04-30,,,t
5ef0b4eba35ab2d6180b0bca7e46b6f9,475,LW-9160,Lock Washer 11,,,,,,0,0,1000,750,f,f,2008-04-30,,,t
598b3e71ec378bd83e0a727608b5db01,476,MA-7075,Metal Angle,,,,,,0,0,1000,750,f,f,2008-04-30,,,t
74071a673307ca7459bcf75fbd024e09,477,MB-2024,Metal Bar 1,,,,,,0,0,1000,750,f,f,2008-04-30,,,t
cfee398643cbc3dc5eefc89334cacdc1,478,MB-6061,Metal Bar 2,,,,,,0,0,1000,750,f,f,2008-04-30,,,t
d18f655c3fce66ca401d5f38b48c89af,479,MP-2066,Metal Plate 2,,,,,,0,0,1000,750,f,f,2008-04-30,,,t
6ea2ef7311b482724a9b7b0bc0dd85c6,480,MP-2503,Metal Plate 1,,,,,,0,0,1000,750,f,f,2008-04-30,,,t
9461cce28ebe3e76fb4b931c35a169b0,481,MP-4960,Metal Plate 3,,,,,,0,0,1000,750,f,f,2008-04-30,,,t
f770b62bc8f42a0b66751fe636fc6eb0,482,MS-0253,Metal Sheet 2,,,,,,0,0,1000,750,f,f,2008-04-30,,,t
e1e32e235eee1f970470a3a6658dfdd5,483,MS-1256,Metal Sheet 3,,,,,,0,0,1000,750,f,f,2008-04-30,,,t
eba0dc302bcd9a273f8bbb72be3a687b,484,MS-1981,Metal Sheet 7,,,,,,0,0,1000,750,f,f,2008-04-30,,,t
218a0aefd1d1a4be65601cc6ddc1520e,485,MS-2259,Metal Sheet 4,,,,,,0,0,1000,750,f,f,2008-04-30,,,t
7d04bbbe5494ae9d2f5a76aa1c00fa2f,486,MS-2341,Metal Sheet 5,,,,,,0,0,1000,750,f,f,2008-04-30,,,t
a516a87cfcaef229b342c437fe2b95f7,487,MS-2348,Metal Sheet 6,,,,,,0,0,1000,750,f,f,2008-04-30,,,t
c3c59e5f8b3e9753913f4d435b53c308,488,MS-6061,Metal Sheet 1,,,,,,0,0,1000,750,f,f,2008-04-30,,,t
854d9fca60b4bd07f9bb215d59ef5561,489,MT-1000,Metal Tread Plate,,,,,,0,0,1000,750,f,f,2008-04-30,,,t
c410003ef13d451727aeff9082c29a5c,490,NI-4127,LL Nipple,,L ,,,,0,0,1000,750,f,f,2008-04-30,,,t
559cb990c9dffd8675f6bc2186971dc2,491,NI-9522,HL Nipple,,,,,,0,0,1000,750,f,f,2008-04-30,,,t
55a7cf9c71f1c9c495413f934dd1a158,492,PA-187B,Paint - Black,,,,,,0,0,60,45,f,f,2008-04-30,,,t
2f55707d4193dc27118a0f19a1985716,493,PA-361R,Paint - Red,,,,,,0,0,60,45,f,f,2008-04-30,,,t
1be3bc32e6564055d5ca3e5a354acbef,494,PA-529S,Paint - Silver,,,,,,0,0,60,45,f,f,2008-04-30,,,t
35051070e572e47d2c26c241ab88307f,495,PA-632U,Paint - Blue,,,,,,0,0,60,45,f,f,2008-04-30,,,t
b534ba68236ba543ae44b22bd110a1d6,496,PA-823Y,Paint - Yellow,,,,,,0,0,60,45,f,f,2008-04-30,,,t
7380ad8a673226ae47fce7bff88e9c33,497,PB-6109,Pinch Bolt,,,,,,0,0,1000,750,f,f,2008-04-30,,,t
b337e84de8752b27eda3a12363109e80,504,RA-2345,Cup-Shaped Race,,,,,,0,0,1000,750,f,f,2008-04-30,,,t
e8c0653fea13f91bf3c48159f7c24f78,505,RA-7490,Cone-Shaped Race,,,,,,0,0,1000,750,f,f,2008-04-30,,,t
ff4d5fbbafdf976cfdc032e3bde78de5,506,RF-9198,Reflector,,,,,,0,0,1000,750,f,f,2008-04-30,,,t
2d6cc4b2d139a53512fb8cbb3086ae2e,507,RM-M464,LL Mountain Rim,,L ,,,,0,0,800,600,f,f,2008-04-30,,,t
389bc7bb1e1c2a5e7e147703232a88f6,508,RM-M692,ML Mountain Rim,,M ,,,,0,0,800,600,f,f,2008-04-30,,,t
e2230b853516e7b05d79744fbd4c9c13,509,RM-M823,HL Mountain Rim,,,,,,0,0,800,600,f,f,2008-04-30,,,t
087408522c31eeb1f982bc0eaf81d35f,510,RM-R436,LL Road Rim,,L ,,,,0,0,800,600,f,f,2008-04-30,,,t
a760880003e7ddedfef56acb3b09697f,511,RM-R600,ML Road Rim,,M ,,,,0,0,800,600,f,f,2008-04-30,,,t
10a7cdd970fe135cf4f7bb55c0e3b59f,512,RM-R800,HL Road Rim,,,,,,0,0,800,600,f,f,2008-04-30,,,t
3dc4876f3f08201c7c76cb71fa1da439,513,RM-T801,Touring Rim,,,,,,0,0,800,600,f,f,2008-04-30,,,t
59b90e1005a220e2ebc542eb9d950b1e,514,SA-M198,LL Mountain Seat Assembly,,L ,,,,98.77,133.34,500,375,t,f,2008-04-30,,,t
2b8a61594b1f4c4db0902a8a395ced93,515,SA-M237,ML Mountain Seat Assembly,,M ,,,,108.99,147.14,500,375,t,f,2008-04-30,,,t
f3f27a324736617f20abbf2ffd806f6d,516,SA-M687,HL Mountain Seat Assembly,,,,,,145.87,196.92,500,375,t,f,2008-04-30,,,t
38913e1d6a7b94cb0f55994f679f5956,517,SA-R127,LL Road Seat Assembly,,L ,,,,98.77,133.34,500,375,t,f,2008-04-30,,,t
ebd9629fc3ae5e9f6611e2ee05a31cef,518,SA-R430,ML Road Seat Assembly,,M ,,,,108.99,147.14,500,375,t,f,2008-04-30,,,t
63538fe6ef330c13a05a3ed7e599d5f7,519,SA-R522,HL Road Seat Assembly,,,,,,145.87,196.92,500,375,t,f,2008-04-30,,,t
cf67355a3333e6e143439161adc2d82e,520,SA-T467,LL Touring Seat Assembly,,L ,,,,98.77,133.34,500,375,t,f,2008-04-30,,,t
07563a3fe3bbe7e3ba84431ad9d055af,521,SA-T612,ML Touring Seat Assembly,,M ,,,,108.99,147.14,500,375,t,f,2008-04-30,,,t
53fde96fcc4b4ce72d7739202324cd49,522,SA-T872,HL Touring Seat Assembly,,,,,,145.87,196.92,500,375,t,f,2008-04-30,,,t
2bb232c0b13c774965ef8558f0fbd615,523,SD-2342,LL Spindle/Axle,,L ,,,,0,0,500,375,f,f,2008-04-30,,,t
ba2fd310dcaa8781a9a652a31baf3c68,524,SD-9872,HL Spindle/Axle,,,,,,0,0,500,375,f,f,2008-04-30,,,t
69421f032498c97020180038fddb8e24,525,SH-4562,LL Shell,,L ,,,,0,0,800,600,f,f,2008-04-30,,,t
85422afb467e9456013a2a51d4dff702,526,SH-9312,HL Shell,,,,,,0,0,800,600,f,f,2008-04-30,,,t
13f320e7b5ead1024ac95c3b208610db,527,SK-9283,Spokes,,,,,,0,0,1000,750,f,f,2008-04-30,,,t
f4be00279ee2e0a53eafdaa94a151e2c,528,SL-0931,Seat Lug,,,,,,0,0,1000,750,f,f,2008-04-30,,,t
37f0e884fbad9667e38940169d0a3c95,529,SM-9087,Stem,,,,,,0,0,500,375,t,f,2008-04-30,,,t
d64a340bcb633f536d56e51874281454,530,SP-2981,Seat Post,,,,,,0,0,500,375,f,f,2008-04-30,,,t
0fcbc61acd0479dc77e3cccc0f5ffca7,531,SR-2098,Steerer,,,,,,0,0,500,375,t,f,2008-04-30,,,t
298f95e1bf9136124592c8d4825a06fc,532,SS-2985,Seat Stays,,,,,,0,0,800,600,t,f,2008-04-30,,,t
df877f3865752637daa540ea9cbc474f,533,ST-9828,Seat Tube,,,,,,0,0,500,375,t,f,2008-04-30,,,t
c399862d3b9d6b76c8436e924a68c45b,534,TO-2301,Top Tube,,,,,,0,0,500,375,t,f,2008-04-30,,,t
33e8075e9970de0cfea955afd4644bb2,535,TP-0923,Tension Pulley,,,,,,0,0,800,600,f,f,2008-04-30,,,t
ca9c267dad0305d1a6308d2a0cf1c39c,679,RC-0291,Rear Derailleur Cage,,,,Silver,,0,0,500,375,f,f,2008-04-30,,,t
fccb3cdc9acc14a6e70a12f74560c026,680,FR-R92B-58,"HL Road Frame - Black, 58",R ,H ,U ,Black,58,1059.31,1431.5,500,375,t,t,2008-04-30,,,t
9c82c7143c102b71c593d98d96093fde,706,FR-R92R-58,"HL Road Frame - Red, 58",R ,H ,U ,Red,58,1059.31,1431.5,500,375,t,t,2008-04-30,,,t
500e75a036dc2d7d2fec5da1b71d36cc,707,HL-U509-R,"Sport-100 Helmet, Red",S ,,,Red,,13.0863,34.99,4,3,f,t,2011-05-31,,,t
ae0eb3eed39d2bcef4622b2499a05fe6,708,HL-U509,"Sport-100 Helmet, Black",S ,,,Black,,13.0863,34.99,4,3,f,t,2011-05-31,,,t
1ecfb463472ec9115b10c292ef8bc986,709,SO-B909-M,"Mountain Bike Socks, M",M ,,U ,White,M,3.3963,9.5,4,3,f,t,2011-05-31,2012-05-29,,f
e70611883d2760c8bbafb4acb29e3446,710,SO-B909-L,"Mountain Bike Socks, L",M ,,U ,White,L,3.3963,9.5,4,3,f,t,2011-05-31,2012-05-29,,f
6081594975a764c8e3a691fa2b3a321d,711,HL-U509-B,"Sport-100 Helmet, Blue",S ,,,Blue,,13.0863,34.99,4,3,f,t,2011-05-31,,,t
19bc916108fc6938f52cb96f7e087941,712,CA-1098,AWC Logo Cap,S ,,U ,Multi,,6.9223,8.99,4,3,f,t,2011-05-31,,,t
07c5807d0d927dcd0980f86024e5208b,713,LJ-0192-S,"Long-Sleeve Logo Jersey, S",S ,,U ,Multi,S,38.4923,49.99,4,3,f,t,2011-05-31,,,t
d14220ee66aeec73c49038385428ec4c,714,LJ-0192-M,"Long-Sleeve Logo Jersey, M",S ,,U ,Multi,M,38.4923,49.99,4,3,f,t,2011-05-31,,,t
8df707a948fac1b4a0f97aa554886ec8,715,LJ-0192-L,"Long-Sleeve Logo Jersey, L",S ,,U ,Multi,L,38.4923,49.99,4,3,f,t,2011-05-31,,,t
e7f8a7fb0b77bcb3b283af5be021448f,716,LJ-0192-X,"Long-Sleeve Logo Jersey, XL",S ,,U ,Multi,XL,38.4923,49.99,4,3,f,t,2011-05-31,,,t
788d986905533aba051261497ecffcbb,717,FR-R92R-62,"HL Road Frame - Red, 62",R ,H ,U ,Red,62,868.6342,1431.5,500,375,t,t,2011-05-31,,,t
50c3d7614917b24303ee6a220679dab3,718,FR-R92R-44,"HL Road Frame - Red, 44",R ,H ,U ,Red,44,868.6342,1431.5,500,375,t,t,2011-05-31,,,t
2afe4567e1bf64d32a5527244d104cea,719,FR-R92R-48,"HL Road Frame - Red, 48",R ,H ,U ,Red,48,868.6342,1431.5,500,375,t,t,2011-05-31,,,t
5f2c22cb4a5380af7ca75622a6426917,720,FR-R92R-52,"HL Road Frame - Red, 52",R ,H ,U ,Red,52,868.6342,1431.5,500,375,t,t,2011-05-31,,,t
aba3b6fd5d186d28e06ff97135cade7f,721,FR-R92R-56,"HL Road Frame - Red, 56",R ,H ,U ,Red,56,868.6342,1431.5,500,375,t,t,2011-05-31,,,t
c8ed21db4f678f3b13b9d5ee16489088,722,FR-R38B-58,"LL Road Frame - Black, 58",R ,L ,U ,Black,58,204.6251,337.22,500,375,t,t,2011-05-31,,,t
08419be897405321542838d77f855226,723,FR-R38B-60,"LL Road Frame - Black, 60",R ,L ,U ,Black,60,204.6251,337.22,500,375,t,t,2011-05-31,,,t
7f1171a78ce0780a2142a6eb7bc4f3c8,724,FR-R38B-62,"LL Road Frame - Black, 62",R ,L ,U ,Black,62,204.6251,337.22,500,375,t,t,2011-05-31,,,t
82f2b308c3b01637c607ce05f52a2fed,725,FR-R38R-44,"LL Road Frame - Red, 44",R ,L ,U ,Red,44,187.1571,337.22,500,375,t,t,2011-05-31,2013-05-29,,f
0d3180d672e08b4c5312dcdafdf6ef36,726,FR-R38R-48,"LL Road Frame - Red, 48",R ,L ,U ,Red,48,187.1571,337.22,500,375,t,t,2011-05-31,2013-05-29,,f
fb89705ae6d743bf1e848c206e16a1d7,727,FR-R38R-52,"LL Road Frame - Red, 52",R ,L ,U ,Red,52,187.1571,337.22,500,375,t,t,2011-05-31,2013-05-29,,f
d4c2e4a3297fe25a71d030b67eb83bfc,728,FR-R38R-58,"LL Road Frame - Red, 58",R ,L ,U ,Red,58,187.1571,337.22,500,375,t,t,2011-05-31,2013-05-29,,f
5751ec3e9a4feab575962e78e006250d,729,FR-R38R-60,"LL Road Frame - Red, 60",R ,L ,U ,Red,60,187.1571,337.22,500,375,t,t,2011-05-31,2013-05-29,,f
d5cfead94f5350c12c322b5b664544c1,730,FR-R38R-62,"LL Road Frame - Red, 62",R ,L ,U ,Red,62,187.1571,337.22,500,375,t,t,2011-05-31,2013-05-29,,f
59c33016884a62116be975a9bb8257e3,731,FR-R72R-44,"ML Road Frame - Red, 44",R ,M ,U ,Red,44,352.1394,594.83,500,375,t,t,2011-05-31,2012-05-29,,f
ba3866600c3540f67c1e9575e213be0a,732,FR-R72R-48,"ML Road Frame - Red, 48",R ,M ,U ,Red,48,352.1394,594.83,500,375,t,t,2011-05-31,2012-05-29,,f
6c29793a140a811d0c45ce03c1c93a28,733,FR-R72R-52,"ML Road Frame - Red, 52",R ,M ,U ,Red,52,352.1394,594.83,500,375,t,t,2011-05-31,2012-05-29,,f
e995f98d56967d946471af29d7bf99f1,734,FR-R72R-58,"ML Road Frame - Red, 58",R ,M ,U ,Red,58,352.1394,594.83,500,375,t,t,2011-05-31,2012-05-29,,f
6cd67d9b6f0150c77bda2eda01ae484c,735,FR-R72R-60,"ML Road Frame - Red, 60",R ,M ,U ,Red,60,352.1394,594.83,500,375,t,t,2011-05-31,2012-05-29,,f
6bc24fc1ab650b25b4114e93a98f1eba,736,FR-R38B-44,"LL Road Frame - Black, 44",R ,L ,U ,Black,44,204.6251,337.22,500,375,t,t,2011-05-31,,,t
a5cdd4aa0048b187f7182f1b9ce7a6a7,737,FR-R38B-48,"LL Road Frame - Black, 48",R ,L ,U ,Black,48,204.6251,337.22,500,375,t,t,2011-05-31,,,t
217eedd1ba8c592db97d0dbe54c7adfc,738,FR-R38B-52,"LL Road Frame - Black, 52",R ,L ,U ,Black,52,204.6251,337.22,500,375,t,t,2011-05-31,,,t
df263d996281d984952c07998dc54358,739,FR-M94S-42,"HL Mountain Frame - Silver, 42",M ,H ,U ,Silver,42,747.2002,1364.5,500,375,t,t,2011-05-31,,,t
edfbe1afcf9246bb0d40eb4d8027d90f,740,FR-M94S-44,"HL Mountain Frame - Silver, 44",M ,H ,U ,Silver,44,706.811,1364.5,500,375,t,t,2011-05-31,2012-05-29,,f
2e65f2f2fdaf6c699b223c61b1b5ab89,741,FR-M94S-52,"HL Mountain Frame - Silver, 48",M ,H ,U ,Silver,48,706.811,1364.5,500,375,t,t,2011-05-31,2012-05-29,,f
e94550c93cd70fe748e6982b3439ad3b,742,FR-M94S-46,"HL Mountain Frame - Silver, 46",M ,H ,U ,Silver,46,747.2002,1364.5,500,375,t,t,2011-05-31,,,t
5c572eca050594c7bc3c36e7e8ab9550,743,FR-M94B-42,"HL Mountain Frame - Black, 42",M ,H ,U ,Black,42,739.041,1349.6,500,375,t,t,2011-05-31,,,t
0537fb40a68c18da59a35c2bfe1ca554,744,FR-M94B-44,"HL Mountain Frame - Black, 44",M ,H ,U ,Black,44,699.0928,1349.6,500,375,t,t,2011-05-31,2012-05-29,,f
5f0f5e5f33945135b874349cfbed4fb9,745,FR-M94B-48,"HL Mountain Frame - Black, 48",M ,H ,U ,Black,48,699.0928,1349.6,500,375,t,t,2011-05-31,2012-05-29,,f
185e65bc40581880c4f2c82958de8cfe,746,FR-M94B-46,"HL Mountain Frame - Black, 46",M ,H ,U ,Black,46,739.041,1349.6,500,375,t,t,2011-05-31,,,t
8d317bdcf4aafcfc22149d77babee96d,747,FR-M94B-38,"HL Mountain Frame - Black, 38",M ,H ,U ,Black,38,739.041,1349.6,500,375,t,t,2011-05-31,,,t
e49b8b4053df9505e1f48c3a701c0682,748,FR-M94S-38,"HL Mountain Frame - Silver, 38",M ,H ,U ,Silver,38,747.2002,1364.5,500,375,t,t,2011-05-31,,,t
b056eb1587586b71e2da9acfe4fbd19e,749,BK-R93R-62,"Road-150 Red, 62",R ,H ,U ,Red,62,2171.2942,3578.27,100,75,t,t,2011-05-31,2012-05-29,,f
b137fdd1f79d56c7edf3365fea7520f2,750,BK-R93R-44,"Road-150 Red, 44",R ,H ,U ,Red,44,2171.2942,3578.27,100,75,t,t,2011-05-31,2012-05-29,,f
912d2b1c7b2826caf99687388d2e8f7c,751,BK-R93R-48,"Road-150 Red, 48",R ,H ,U ,Red,48,2171.2942,3578.27,100,75,t,t,2011-05-31,2012-05-29,,f
a1d33d0dfec820b41b54430b50e96b5c,752,BK-R93R-52,"Road-150 Red, 52",R ,H ,U ,Red,52,2171.2942,3578.27,100,75,t,t,2011-05-31,2012-05-29,,f
6f2268bd1d3d3ebaabb04d6b5d099425,753,BK-R93R-56,"Road-150 Red, 56",R ,H ,U ,Red,56,2171.2942,3578.27,100,75,t,t,2011-05-31,2012-05-29,,f
872488f88d1b2db54d55bc8bba2fad1b,754,BK-R68R-58,"Road-450 Red, 58",R ,M ,U ,Red,58,884.7083,1457.99,100,75,t,t,2011-05-31,2012-05-29,,f
ccb0989662211f61edae2e26d58ea92f,755,BK-R68R-60,"Road-450 Red, 60",R ,M ,U ,Red,60,884.7083,1457.99,100,75,t,t,2011-05-31,2012-05-29,,f
2823f4797102ce1a1aec05359cc16dd9,756,BK-R68R-44,"Road-450 Red, 44",R ,M ,U ,Red,44,884.7083,1457.99,100,75,t,t,2011-05-31,2012-05-29,,f
470e7a4f017a5476afb7eeb3f8b96f9b,757,BK-R68R-48,"Road-450 Red, 48",R ,M ,U ,Red,48,884.7083,1457.99,100,75,t,t,2011-05-31,2012-05-29,,f
bf62768ca46b6c3b5bea9515d1a1fc45,758,BK-R68R-52,"Road-450 Red, 52",R ,M ,U ,Red,52,884.7083,1457.99,100,75,t,t,2011-05-31,2012-05-29,,f
fa14d4fe2f19414de3ebd9f63d5c0169,759,BK-R50R-58,"Road-650 Red, 58",R ,L ,U ,Red,58,486.7066,782.99,100,75,t,t,2011-05-31,2013-05-29,,f
2ca65f58e35d9ad45bf7f3ae5cfd08f1,760,BK-R50R-60,"Road-650 Red, 60",R ,L ,U ,Red,60,486.7066,782.99,100,75,t,t,2011-05-31,2013-05-29,,f
88ae6372cfdc5df69a976e893f4d554b,761,BK-R50R-62,"Road-650 Red, 62",R ,L ,U ,Red,62,486.7066,782.99,100,75,t,t,2011-05-31,2013-05-29,,f
06997f04a7db92466a2baa6ebc8b872d,762,BK-R50R-44,"Road-650 Red, 44",R ,L ,U ,Red,44,486.7066,782.99,100,75,t,t,2011-05-31,2013-05-29,,f
eefc9e10ebdc4a2333b42b2dbb8f27b6,763,BK-R50R-48,"Road-650 Red, 48",R ,L ,U ,Red,48,486.7066,782.99,100,75,t,t,2011-05-31,2013-05-29,,f
5807a685d1a9ab3b599035bc566ce2b9,764,BK-R50R-52,"Road-650 Red, 52",R ,L ,U ,Red,52,486.7066,782.99,100,75,t,t,2011-05-31,2013-05-29,,f
d840cc5d906c3e9c84374c8919d2074e,765,BK-R50B-58,"Road-650 Black, 58",R ,L ,U ,Black,58,486.7066,782.99,100,75,t,t,2011-05-31,2013-05-29,,f
959a557f5f6beb411fd954f3f34b21c3,766,BK-R50B-60,"Road-650 Black, 60",R ,L ,U ,Black,60,486.7066,782.99,100,75,t,t,2011-05-31,2013-05-29,,f
f2201f5191c4e92cc5af043eebfd0946,767,BK-R50B-62,"Road-650 Black, 62",R ,L ,U ,Black,62,486.7066,782.99,100,75,t,t,2011-05-31,2013-05-29,,f
3a835d3215755c435ef4fe9965a3f2a0,768,BK-R50B-44,"Road-650 Black, 44",R ,L ,U ,Black,44,486.7066,782.99,100,75,t,t,2011-05-31,2013-05-29,,f
288cc0ff022877bd3df94bc9360b9c5d,769,BK-R50B-48,"Road-650 Black, 48",R ,L ,U ,Black,48,486.7066,782.99,100,75,t,t,2011-05-31,2013-05-29,,f
4ea06fbc83cdd0a06020c35d50e1e89a,770,BK-R50B-52,"Road-650 Black, 52",R ,L ,U ,Black,52,486.7066,782.99,100,75,t,t,2011-05-31,2013-05-29,,f
b7ee6f5f9aa5cd17ca1aea43ce848496,771,BK-M82S-38,"Mountain-100 Silver, 38",M ,H ,U ,Silver,38,1912.1544,3399.99,100,75,t,t,2011-05-31,2012-05-29,,f
e57c6b956a6521b28495f2886ca0977a,772,BK-M82S-42,"Mountain-100 Silver, 42",M ,H ,U ,Silver,42,1912.1544,3399.99,100,75,t,t,2011-05-31,2012-05-29,,f
86b122d4358357d834a87ce618a55de0,773,BK-M82S-44,"Mountain-100 Silver, 44",M ,H ,U ,Silver,44,1912.1544,3399.99,100,75,t,t,2011-05-31,2012-05-29,,f
4e0928de075538c593fbdabb0c5ef2c3,774,BK-M82S-48,"Mountain-100 Silver, 48",M ,H ,U ,Silver,48,1912.1544,3399.99,100,75,t,t,2011-05-31,2012-05-29,,f
c0f168ce8900fa56e57789e2a2f2c9d0,775,BK-M82B-38,"Mountain-100 Black, 38",M ,H ,U ,Black,38,1898.0944,3374.99,100,75,t,t,2011-05-31,2012-05-29,,f
8c6744c9d42ec2cb9e8885b54ff744d0,776,BK-M82B-42,"Mountain-100 Black, 42",M ,H ,U ,Black,42,1898.0944,3374.99,100,75,t,t,2011-05-31,2012-05-29,,f
f1c1592588411002af340cbaedd6fc33,777,BK-M82B-44,"Mountain-100 Black, 44",M ,H ,U ,Black,44,1898.0944,3374.99,100,75,t,t,2011-05-31,2012-05-29,,f
e07413354875be01a996dc560274708e,778,BK-M82B-48,"Mountain-100 Black, 48",M ,H ,U ,Black,48,1898.0944,3374.99,100,75,t,t,2011-05-31,2012-05-29,,f
67d96d458abdef21792e6d8e590244e7,779,BK-M68S-38,"Mountain-200 Silver, 38",M ,H ,U ,Silver,38,1265.6195,2319.99,100,75,t,t,2012-05-30,,,t
a8e864d04c95572d1aece099af852d0a,780,BK-M68S-42,"Mountain-200 Silver, 42",M ,H ,U ,Silver,42,1265.6195,2319.99,100,75,t,t,2012-05-30,,,t
7143d7fbadfa4693b9eec507d9d37443,781,BK-M68S-46,"Mountain-200 Silver, 46",M ,H ,U ,Silver,46,1265.6195,2319.99,100,75,t,t,2012-05-30,,,t
72da7fd6d1302c0a159f6436d01e9eb0,782,BK-M68B-38,"Mountain-200 Black, 38",M ,H ,U ,Black,38,1251.9813,2294.99,100,75,t,t,2012-05-30,,,t
6e0721b2c6977135b916ef286bcb49ec,783,BK-M68B-42,"Mountain-200 Black, 42",M ,H ,U ,Black,42,1251.9813,2294.99,100,75,t,t,2012-05-30,,,t
fc8001f834f6a5f0561080d134d53d29,784,BK-M68B-46,"Mountain-200 Black, 46",M ,H ,U ,Black,46,1251.9813,2294.99,100,75,t,t,2012-05-30,,,t
4b04a686b0ad13dce35fa99fa4161c65,785,BK-M47B-38,"Mountain-300 Black, 38",M ,M ,U ,Black,38,598.4354,1079.99,100,75,t,t,2012-05-30,2013-05-29,,f
61b4a64be663682e8cb037d9719ad8cd,786,BK-M47B-40,"Mountain-300 Black, 40",M ,M ,U ,Black,40,598.4354,1079.99,100,75,t,t,2012-05-30,2013-05-29,,f
3621f1454cacf995530ea53652ddf8fb,787,BK-M47B-44,"Mountain-300 Black, 44",M ,M ,U ,Black,44,598.4354,1079.99,100,75,t,t,2012-05-30,2013-05-29,,f
c15da1f2b5e5ed6e6837a3802f0d1593,788,BK-M47B-48,"Mountain-300 Black, 48",M ,M ,U ,Black,48,598.4354,1079.99,100,75,t,t,2012-05-30,2013-05-29,,f
68053af2923e00204c3ca7c6a3150cf7,789,BK-R89R-44,"Road-250 Red, 44",R ,H ,U ,Red,44,1518.7864,2443.35,100,75,t,t,2012-05-30,2013-05-29,,f
2dace78f80bc92e6d7493423d729448e,790,BK-R89R-48,"Road-250 Red, 48",R ,H ,U ,Red,48,1518.7864,2443.35,100,75,t,t,2012-05-30,2013-05-29,,f
df7f28ac89ca37bf1abd2f6c184fe1cf,791,BK-R89R-52,"Road-250 Red, 52",R ,H ,U ,Red,52,1518.7864,2443.35,100,75,t,t,2012-05-30,2013-05-29,,f
96ea64f3a1aa2fd00c72faacf0cb8ac9,792,BK-R89R-58,"Road-250 Red, 58",R ,H ,U ,Red,58,1554.9479,2443.35,100,75,t,t,2012-05-30,,,t
da8ce53cf0240070ce6c69c48cd588ee,793,BK-R89B-44,"Road-250 Black, 44",R ,H ,U ,Black,44,1554.9479,2443.35,100,75,t,t,2012-05-30,,,t
82489c9737cc245530c7a6ebef3753ec,794,BK-R89B-48,"Road-250 Black, 48",R ,H ,U ,Black,48,1554.9479,2443.35,100,75,t,t,2012-05-30,,,t
7c590f01490190db0ed02a5070e20f01,795,BK-R89B-52,"Road-250 Black, 52",R ,H ,U ,Black,52,1554.9479,2443.35,100,75,t,t,2012-05-30,,,t
35cf8659cfcb13224cbd47863a34fc58,796,BK-R89B-58,"Road-250 Black, 58",R ,H ,U ,Black,58,1554.9479,2443.35,100,75,t,t,2012-05-30,,,t
beb22fb694d513edcf5533cf006dfeae,797,BK-R64Y-38,"Road-550-W Yellow, 38",R ,M ,W ,Yellow,38,713.0798,1120.49,100,75,t,t,2012-05-30,,,t
9e3cfc48eccf81a0d57663e129aef3cb,798,BK-R64Y-40,"Road-550-W Yellow, 40",R ,M ,W ,Yellow,40,713.0798,1120.49,100,75,t,t,2012-05-30,,,t
28267ab848bcf807b2ed53c3a8f8fc8a,799,BK-R64Y-42,"Road-550-W Yellow, 42",R ,M ,W ,Yellow,42,713.0798,1120.49,100,75,t,t,2012-05-30,,,t
7a53928fa4dd31e82c6ef826f341daec,800,BK-R64Y-44,"Road-550-W Yellow, 44",R ,M ,W ,Yellow,44,713.0798,1120.49,100,75,t,t,2012-05-30,,,t
1905aedab9bf2477edc068a355bba31a,801,BK-R64Y-48,"Road-550-W Yellow, 48",R ,M ,W ,Yellow,48,713.0798,1120.49,100,75,t,t,2012-05-30,,,t
1141938ba2c2b13f5505d7c424ebae5f,802,FK-1639,LL Fork,,L ,,,,65.8097,148.22,500,375,t,t,2012-05-30,2013-05-29,,f
1aa48fc4880bb0c9b8a3bf979d3b917e,803,FK-5136,ML Fork,,M ,,,,77.9176,175.49,500,375,t,t,2012-05-30,2013-05-29,,f
dc5689792e08eb2e219dce49e64c885b,804,FK-9939,HL Fork,,H ,,,,101.8936,229.49,500,375,t,t,2012-05-30,2013-05-29,,f
846c260d715e5b854ffad5f70a516c88,805,HS-0296,LL Headset,,L ,,,,15.1848,34.2,500,375,t,t,2012-05-30,2013-05-29,,f
d58072be2820e8682c0a27c0518e805e,806,HS-2451,ML Headset,,M ,,,,45.4168,102.29,500,375,t,t,2012-05-30,2013-05-29,,f
6e7b33fdea3adc80ebd648fffb665bb8,807,HS-3479,HL Headset,,H ,,,,55.3801,124.73,500,375,t,t,2012-05-30,2013-05-29,,f
a8ecbabae151abacba7dbde04f761c37,808,HB-M243,LL Mountain Handlebars,M ,L ,,,,19.7758,44.54,500,375,t,t,2012-05-30,,,t
32b30a250abd6331e03a2a1f16466346,809,HB-M763,ML Mountain Handlebars,M ,M ,,,,27.4925,61.92,500,375,t,t,2012-05-30,,,t
b6edc1cd1f36e45daf6d7824d7bb2283,810,HB-M918,HL Mountain Handlebars,M ,H ,,,,53.3999,120.27,500,375,t,t,2012-05-30,,,t
670e8a43b246801ca1eaca97b3e19189,811,HB-R504,LL Road Handlebars,R ,L ,,,,19.7758,44.54,500,375,t,t,2012-05-30,,,t
81e74d678581a3bb7a720b019f4f1a93,812,HB-R720,ML Road Handlebars,R ,M ,,,,27.4925,61.92,500,375,t,t,2012-05-30,,,t
e0cf1f47118daebc5b16269099ad7347,813,HB-R956,HL Road Handlebars,R ,H ,,,,53.3999,120.27,500,375,t,t,2012-05-30,,,t
96b9bff013acedfb1d140579e2fbeb63,814,FR-M63B-38,"ML Mountain Frame - Black, 38",M ,M ,U ,Black,38,185.8193,348.76,500,375,t,t,2012-05-30,2013-05-29,,f
71ad16ad2c4d81f348082ff6c4b20768,815,FW-M423,LL Mountain Front Wheel,M ,L ,,Black,,26.9708,60.745,500,375,t,t,2012-05-30,2013-05-29,,f
43fa7f58b7eac7ac872209342e62e8f1,816,FW-M762,ML Mountain Front Wheel,M ,M ,,Black,,92.8071,209.025,500,375,t,t,2012-05-30,2013-05-29,,f
31839b036f63806cba3f47b93af8ccb5,817,FW-M928,HL Mountain Front Wheel,M ,H ,,Black,,133.2955,300.215,500,375,t,t,2012-05-30,2013-05-29,,f
f0adc8838f4bdedde4ec2cfad0515589,818,FW-R623,LL Road Front Wheel,R ,L ,,Black,,37.9909,85.565,500,375,t,t,2012-05-30,2013-05-29,,f
3b5dca501ee1e6d8cd7b905f4e1bf723,819,FW-R762,ML Road Front Wheel,R ,M ,,Black,,110.2829,248.385,500,375,t,t,2012-05-30,2013-05-29,,f
e2a2dcc36a08a345332c751b2f2e476c,820,FW-R820,HL Road Front Wheel,R ,H ,,Black,,146.5466,330.06,500,375,t,t,2012-05-30,2013-05-29,,f
4558dbb6f6f8bb2e16d03b85bde76e2c,821,FW-T905,Touring Front Wheel,T ,,,Black,,96.7964,218.01,500,375,t,t,2012-05-30,2013-05-29,,f
afda332245e2af431fb7b672a68b659d,822,FR-R72Y-38,"ML Road Frame-W - Yellow, 38",R ,M ,W ,Yellow,38,360.9428,594.83,500,375,t,t,2012-05-30,,,t
632cee946db83e7a52ce5e8d6f0fed35,823,RW-M423,LL Mountain Rear Wheel,M ,L ,,Black,,38.9588,87.745,500,375,t,t,2012-05-30,2013-05-29,,f
677e09724f0e2df9b6c000b75b5da10d,824,RW-M762,ML Mountain Rear Wheel,M ,M ,,Black,,104.7951,236.025,500,375,t,t,2012-05-30,2013-05-29,,f
d554f7bb7be44a7267068a7df88ddd20,825,RW-M928,HL Mountain Rear Wheel,M ,H ,,Black,,145.2835,327.215,500,375,t,t,2012-05-30,2013-05-29,,f
795c7a7a5ec6b460ec00c5841019b9e9,826,RW-R623,LL Road Rear Wheel,R ,L ,,Black,,49.9789,112.565,500,375,t,t,2012-05-30,2013-05-29,,f
fa3a3c407f82377f55c19c5d403335c7,827,RW-R762,ML Road Rear Wheel,R ,M ,,Black,,122.2709,275.385,500,375,t,t,2012-05-30,2013-05-29,,f
c2626d850c80ea07e7511bbae4c76f4b,828,RW-R820,HL Road Rear Wheel,R ,H ,,Black,,158.5346,357.06,500,375,t,t,2012-05-30,2013-05-29,,f
ce78d1da254c0843eb23951ae077ff5f,829,RW-T905,Touring Rear Wheel,T ,,,Black,,108.7844,245.01,500,375,t,t,2012-05-30,2013-05-29,,f
8e82ab7243b7c66d768f1b8ce1c967eb,830,FR-M63B-40,"ML Mountain Frame - Black, 40",M ,M ,U ,Black,40,185.8193,348.76,500,375,t,t,2012-05-30,2013-05-29,,f
e0ec453e28e061cc58ac43f91dc2f3f0,831,FR-M63B-44,"ML Mountain Frame - Black, 44",M ,M ,U ,Black,44,185.8193,348.76,500,375,t,t,2012-05-30,2013-05-29,,f
7250eb93b3c18cc9daa29cf58af7a004,832,FR-M63B-48,"ML Mountain Frame - Black, 48",M ,M ,U ,Black,48,185.8193,348.76,500,375,t,t,2012-05-30,2013-05-29,,f
013a006f03dbc5392effeb8f18fda755,833,FR-R72Y-40,"ML Road Frame-W - Yellow, 40",R ,M ,W ,Yellow,40,360.9428,594.83,500,375,t,t,2012-05-30,,,t
301ad0e3bd5cb1627a2044908a42fdc2,834,FR-R72Y-42,"ML Road Frame-W - Yellow, 42",R ,M ,W ,Yellow,42,360.9428,594.83,500,375,t,t,2012-05-30,,,t
4d5b995358e7798bc7e9d9db83c612a5,835,FR-R72Y-44,"ML Road Frame-W - Yellow, 44",R ,M ,W ,Yellow,44,360.9428,594.83,500,375,t,t,2012-05-30,,,t
ab88b15733f543179858600245108dd8,836,FR-R72Y-48,"ML Road Frame-W - Yellow, 48",R ,M ,W ,Yellow,48,360.9428,594.83,500,375,t,t,2012-05-30,,,t
b0b183c207f46f0cca7dc63b2604f5cc,837,FR-R92B-62,"HL Road Frame - Black, 62",R ,H ,U ,Black,62,868.6342,1431.5,500,375,t,t,2012-05-30,,,t
f9028faec74be6ec9b852b0a542e2f39,838,FR-R92B-44,"HL Road Frame - Black, 44",R ,H ,U ,Black,44,868.6342,1431.5,500,375,t,t,2012-05-30,,,t
8f7d807e1f53eff5f9efbe5cb81090fb,839,FR-R92B-48,"HL Road Frame - Black, 48",R ,H ,U ,Black,48,868.6342,1431.5,500,375,t,t,2012-05-30,,,t
fa83a11a198d5a7f0bf77a1987bcd006,840,FR-R92B-52,"HL Road Frame - Black, 52",R ,H ,U ,Black,52,868.6342,1431.5,500,375,t,t,2012-05-30,,,t
02a32ad2669e6fe298e607fe7cc0e1a0,841,SH-M897-S,"Men's Sports Shorts, S",S ,,M ,Black,S,24.7459,59.99,4,3,f,t,2012-05-30,2013-05-29,,f
fc3cf452d3da8402bebb765225ce8c0e,842,PA-T100,"Touring-Panniers, Large",T ,,,Grey,,51.5625,125,4,3,f,t,2012-05-30,2013-05-29,,f
3d8e28caf901313a554cebc7d32e67e5,843,LO-C100,Cable Lock,S ,,,,,10.3125,25,4,3,f,t,2012-05-30,2013-05-29,,f
e97ee2054defb209c35fe4dc94599061,844,PU-0452,Minipump,S ,,,,,8.2459,19.99,4,3,f,t,2012-05-30,2013-05-29,,f
b86e8d03fe992d1b0e19656875ee557c,845,PU-M044,Mountain Pump,M ,,,,,10.3084,24.99,4,3,f,t,2012-05-30,2013-05-29,,f
84f7e69969dea92a925508f7c1f9579a,846,LT-T990,Taillights - Battery-Powered,R ,,,,,5.7709,13.99,4,3,f,t,2012-05-30,2013-05-29,,f
f4552671f8909587cf485ea990207f3b,847,LT-H902,Headlights - Dual-Beam,R ,,,,,14.4334,34.99,4,3,f,t,2012-05-30,2013-05-29,,f
362e80d4df43b03ae6d3f8540cd63626,848,LT-H903,Headlights - Weatherproof,R ,,,,,18.5584,44.99,4,3,f,t,2012-05-30,2013-05-29,,f
fe8c15fed5f808006ce95eddb7366e35,849,SH-M897-M,"Men's Sports Shorts, M",S ,,M ,Black,M,24.7459,59.99,4,3,f,t,2012-05-30,2013-05-29,,f
1efa39bcaec6f3900149160693694536,850,SH-M897-L,"Men's Sports Shorts, L",S ,,M ,Black,L,24.7459,59.99,4,3,f,t,2012-05-30,2013-05-29,,f
92fb0c6d1758261f10d052e6e2c1123c,851,SH-M897-X,"Men's Sports Shorts, XL",S ,,M ,Black,XL,24.7459,59.99,4,3,f,t,2012-05-30,2013-05-29,,f
22ac3c5a5bf0b520d281c122d1490650,852,TG-W091-S,"Women's Tights, S",S ,,W ,Black,S,30.9334,74.99,4,3,f,t,2012-05-30,2013-05-29,,f
aff1621254f7c1be92f64550478c56e6,853,TG-W091-M,"Women's Tights, M",S ,,W ,Black,M,30.9334,74.99,4,3,f,t,2012-05-30,2013-05-29,,f
f7e9050c92a851b0016442ab604b0488,854,TG-W091-L,"Women's Tights, L",S ,,W ,Black,L,30.9334,74.99,4,3,f,t,2012-05-30,2013-05-29,,f
addfa9b7e234254d26e9c7f2af1005cb,855,SB-M891-S,"Men's Bib-Shorts, S",S ,,M ,Multi,S,37.1209,89.99,4,3,f,t,2012-05-30,2013-05-29,,f
8c235f89a8143a28a1d6067e959dd858,856,SB-M891-M,"Men's Bib-Shorts, M",S ,,M ,Multi,M,37.1209,89.99,4,3,f,t,2012-05-30,2013-05-29,,f
847cc55b7032108eee6dd897f3bca8a5,857,SB-M891-L,"Men's Bib-Shorts, L",S ,,M ,Multi,L,37.1209,89.99,4,3,f,t,2012-05-30,2013-05-29,,f
a67f096809415ca1c9f112d96d27689b,858,GL-H102-S,"Half-Finger Gloves, S",S ,,U ,Black,S,9.1593,24.49,4,3,f,t,2012-05-30,,,t
2a084e55c87b1ebcdaad1f62fdbbac8e,859,GL-H102-M,"Half-Finger Gloves, M",S ,,U ,Black,M,9.1593,24.49,4,3,f,t,2012-05-30,,,t
fc49306d97602c8ed1be1dfbf0835ead,860,GL-H102-L,"Half-Finger Gloves, L",S ,,U ,Black,L,9.1593,24.49,4,3,f,t,2012-05-30,,,t
f9a40a4780f5e1306c46f1c8daecee3b,861,GL-F110-S,"Full-Finger Gloves, S",M ,,U ,Black,S,15.6709,37.99,4,3,f,t,2012-05-30,2013-05-29,,f
5ec91aac30eae62f4140325d09b9afd0,862,GL-F110-M,"Full-Finger Gloves, M",M ,,U ,Black,M,15.6709,37.99,4,3,f,t,2012-05-30,2013-05-29,,f
19b650660b253761af189682e03501dd,863,GL-F110-L,"Full-Finger Gloves, L",M ,,U ,Black,L,15.6709,37.99,4,3,f,t,2012-05-30,2013-05-29,,f
1fc214004c9481e4c8073e85323bfd4b,864,VE-C304-S,"Classic Vest, S",S ,,U ,Blue,S,23.749,63.5,4,3,f,t,2013-05-30,,,t
3b3dbaf68507998acd6a5a5254ab2d76,865,VE-C304-M,"Classic Vest, M",S ,,U ,Blue,M,23.749,63.5,4,3,f,t,2013-05-30,,,t
ca8155f4d27f205953f9d3d7974bdd70,866,VE-C304-L,"Classic Vest, L",S ,,U ,Blue,L,23.749,63.5,4,3,f,t,2013-05-30,,,t
ede7e2b6d13a41ddf9f4bdef84fdc737,867,SH-W890-S,"Women's Mountain Shorts, S",M ,,W ,Black,S,26.1763,69.99,4,3,f,t,2013-05-30,,,t
dd45045f8c68db9f54e70c67048d32e8,868,SH-W890-M,"Women's Mountain Shorts, M",M ,,W ,Black,M,26.1763,69.99,4,3,f,t,2013-05-30,,,t
49c9adb18e44be0711a94e827042f630,869,SH-W890-L,"Women's Mountain Shorts, L",M ,,W ,Black,L,26.1763,69.99,4,3,f,t,2013-05-30,,,t
22fb0cee7e1f3bde58293de743871417,870,WB-H098,Water Bottle - 30 oz.,S ,,,,,1.8663,4.99,4,3,f,t,2013-05-30,,,t
aeb3135b436aa55373822c010763dd54,871,BC-M005,Mountain Bottle Cage,M ,,,,,3.7363,9.99,4,3,f,t,2013-05-30,,,t
43feaeeecd7b2fe2ae2e26d917b6477d,872,BC-R205,Road Bottle Cage,R ,,,,,3.3623,8.99,4,3,f,t,2013-05-30,,,t
98d6f58ab0dafbb86b083a001561bb34,873,PK-7098,Patch Kit/8 Patches,S ,,,,,0.8565,2.29,4,3,f,t,2013-05-30,,,t
51ef186e18dc00c2d31982567235c559,874,SO-R809-M,"Racing Socks, M",R ,,U ,White,M,3.3623,8.99,4,3,f,t,2013-05-30,,,t
4b0a59ddf11c58e7446c9df0da541a84,875,SO-R809-L,"Racing Socks, L",R ,,U ,White,L,3.3623,8.99,4,3,f,t,2013-05-30,,,t
67d16d00201083a2b118dd5128dd6f59,876,RA-H123,Hitch Rack - 4-Bike,S ,,,,,44.88,120,4,3,f,t,2013-05-30,,,t
352407221afb776e3143e8a1a0577885,877,CL-9009,Bike Wash - Dissolver,S ,,,,,2.9733,7.95,4,3,f,t,2013-05-30,,,t
dd8eb9f23fbd362da0e3f4e70b878c16,878,FE-6654,Fender Set - Mountain,M ,,,,,8.2205,21.98,4,3,f,t,2013-05-30,,,t
d516b13671a4179d9b7b458a6ebdeb92,879,ST-1401,All-Purpose Bike Stand,M ,,,,,59.466,159,4,3,f,t,2013-05-30,,,t
1f50893f80d6830d62765ffad7721742,880,HY-1023-70,Hydration Pack - 70 oz.,S ,,,Silver,70,20.5663,54.99,4,3,f,t,2013-05-30,,,t
7504adad8bb96320eb3afdd4df6e1f60,881,SJ-0194-S,"Short-Sleeve Classic Jersey, S",S ,,U ,Yellow,S,41.5723,53.99,4,3,f,t,2013-05-30,,,t
6c3cf77d52820cd0fe646d38bc2145ca,882,SJ-0194-M,"Short-Sleeve Classic Jersey, M",S ,,U ,Yellow,M,41.5723,53.99,4,3,f,t,2013-05-30,,,t
210f760a89db30aa72ca258a3483cc7f,883,SJ-0194-L,"Short-Sleeve Classic Jersey, L",S ,,U ,Yellow,L,41.5723,53.99,4,3,f,t,2013-05-30,,,t
170c944978496731ba71f34c25826a34,884,SJ-0194-X,"Short-Sleeve Classic Jersey, XL",S ,,U ,Yellow,XL,41.5723,53.99,4,3,f,t,2013-05-30,,,t
0efe32849d230d7f53049ddc4a4b0c60,885,FR-T98Y-60,"HL Touring Frame - Yellow, 60",T ,H ,U ,Yellow,60,601.7437,1003.91,500,375,t,t,2013-05-30,,,t
704afe073992cbe4813cae2f7715336f,886,FR-T67Y-62,"LL Touring Frame - Yellow, 62",T ,L ,U ,Yellow,62,199.8519,333.42,500,375,t,t,2013-05-30,,,t
7ce3284b743aefde80ffd9aec500e085,887,FR-T98Y-46,"HL Touring Frame - Yellow, 46",T ,H ,U ,Yellow,46,601.7437,1003.91,500,375,t,t,2013-05-30,,,t
0a113ef6b61820daa5611c870ed8d5ee,888,FR-T98Y-50,"HL Touring Frame - Yellow, 50",T ,H ,U ,Yellow,50,601.7437,1003.91,500,375,t,t,2013-05-30,,,t
07871915a8107172b3b5dc15a6574ad3,889,FR-T98Y-54,"HL Touring Frame - Yellow, 54",T ,H ,U ,Yellow,54,601.7437,1003.91,500,375,t,t,2013-05-30,,,t
024d7f84fff11dd7e8d9c510137a2381,890,FR-T98U-46,"HL Touring Frame - Blue, 46",T ,H ,U ,Blue,46,601.7437,1003.91,500,375,t,t,2013-05-30,,,t
cfbce4c1d7c425baf21d6b6f2babe6be,891,FR-T98U-50,"HL Touring Frame - Blue, 50",T ,H ,U ,Blue,50,601.7437,1003.91,500,375,t,t,2013-05-30,,,t
c2aee86157b4a40b78132f1e71a9e6f1,892,FR-T98U-54,"HL Touring Frame - Blue, 54",T ,H ,U ,Blue,54,601.7437,1003.91,500,375,t,t,2013-05-30,,,t
d56b9fc4b0f1be8871f5e1c40c0067e7,893,FR-T98U-60,"HL Touring Frame - Blue, 60",T ,H ,U ,Blue,60,601.7437,1003.91,500,375,t,t,2013-05-30,,,t
4b0250793549726d5c1ea3906726ebfe,894,RD-2308,Rear Derailleur,,,,Silver,,53.9282,121.46,500,375,t,t,2013-05-30,,,t
20aee3a5f4643755a79ee5f6a73050ac,895,FR-T67U-50,"LL Touring Frame - Blue, 50",T ,L ,U ,Blue,50,199.8519,333.42,500,375,t,t,2013-05-30,,,t
061412e4a03c02f9902576ec55ebbe77,896,FR-T67U-54,"LL Touring Frame - Blue, 54",T ,L ,U ,Blue,54,199.8519,333.42,500,375,t,t,2013-05-30,,,t
5705e1164a8394aace6018e27d20d237,897,FR-T67U-58,"LL Touring Frame - Blue, 58",T ,L ,U ,Blue,58,199.8519,333.42,500,375,t,t,2013-05-30,,,t
a64c94baaf368e1840a1324e839230de,898,FR-T67U-62,"LL Touring Frame - Blue, 62",T ,L ,U ,Blue,62,199.8519,333.42,500,375,t,t,2013-05-30,,,t
01882513d5fa7c329e940dda99b12147,899,FR-T67Y-44,"LL Touring Frame - Yellow, 44",T ,L ,U ,Yellow,44,199.8519,333.42,500,375,t,t,2013-05-30,,,t
acf4b89d3d503d8252c9c4ba75ddbf6d,900,FR-T67Y-50,"LL Touring Frame - Yellow, 50",T ,L ,U ,Yellow,50,199.8519,333.42,500,375,t,t,2013-05-30,,,t
892c91e0a653ba19df81a90f89d99bcd,901,FR-T67Y-54,"LL Touring Frame - Yellow, 54",T ,L ,U ,Yellow,54,199.8519,333.42,500,375,t,t,2013-05-30,,,t
b6a1085a27ab7bff7550f8a3bd017df8,902,FR-T67Y-58,"LL Touring Frame - Yellow, 58",T ,L ,U ,Yellow,58,199.8519,333.42,500,375,t,t,2013-05-30,,,t
aa169b49b583a2b5af89203c2b78c67c,903,FR-T67U-44,"LL Touring Frame - Blue, 44",T ,L ,U ,Blue,44,199.8519,333.42,500,375,t,t,2013-05-30,,,t
f47d0ad31c4c49061b9e505593e3db98,904,FR-M63S-40,"ML Mountain Frame-W - Silver, 40",M ,M ,W ,Silver,40,199.3757,364.09,500,375,t,t,2013-05-30,,,t
f57a2f557b098c43f11ab969efe1504b,905,FR-M63S-42,"ML Mountain Frame-W - Silver, 42",M ,M ,W ,Silver,42,199.3757,364.09,500,375,t,t,2013-05-30,,,t
c8fbbc86abe8bd6a5eb6a3b4d0411301,906,FR-M63S-46,"ML Mountain Frame-W - Silver, 46",M ,M ,W ,Silver,46,199.3757,364.09,500,375,t,t,2013-05-30,,,t
621461af90cadfdaf0e8d4cc25129f91,907,RB-9231,Rear Brakes,,,,Silver,,47.286,106.5,500,375,f,t,2013-05-30,,,t
8b6dd7db9af49e67306feb59a8bdc52c,908,SE-M236,LL Mountain Seat/Saddle,M ,L ,,,,12.0413,27.12,500,375,f,t,2013-05-30,,,t
a4300b002bcfb71f291dac175d52df94,909,SE-M798,ML Mountain Seat/Saddle,M ,M ,,,,17.3782,39.14,500,375,f,t,2013-05-30,,,t
e205ee2a5de471a70c1fd1b46033a75f,910,SE-M940,HL Mountain Seat/Saddle,M ,H ,,,,23.3722,52.64,500,375,f,t,2013-05-30,,,t
b56a18e0eacdf51aa2a5306b0f533204,911,SE-R581,LL Road Seat/Saddle,R ,L ,,,,12.0413,27.12,500,375,f,t,2013-05-30,,,t
2a9d121cd9c3a1832bb6d2cc6bd7a8a7,912,SE-R908,ML Road Seat/Saddle,T ,M ,,,,17.3782,39.14,500,375,f,t,2013-05-30,,,t
8b5040a8a5baf3e0e67386c2e3a9b903,913,SE-R995,HL Road Seat/Saddle,R ,H ,,,,23.3722,52.64,500,375,f,t,2013-05-30,,,t
7634ea65a4e6d9041cfd3f7de18e334a,914,SE-T312,LL Touring Seat/Saddle,T ,L ,,,,12.0413,27.12,500,375,f,t,2013-05-30,,,t
24896ee4c6526356cc127852413ea3b4,915,SE-T762,ML Touring Seat/Saddle,T ,M ,,,,17.3782,39.14,500,375,f,t,2013-05-30,,,t
23ce1851341ec1fa9e0c259de10bf87c,916,SE-T924,HL Touring Seat/Saddle,T ,H ,,,,23.3722,52.64,500,375,f,t,2013-05-30,,,t
da0d1111d2dc5d489242e60ebcbaf988,917,FR-M21S-42,"LL Mountain Frame - Silver, 42",M ,L ,U ,Silver,42,144.5938,264.05,500,375,t,t,2013-05-30,,,t
1e056d2b0ebd5c878c550da6ac5d3724,918,FR-M21S-44,"LL Mountain Frame - Silver, 44",M ,L ,U ,Silver,44,144.5938,264.05,500,375,t,t,2013-05-30,,,t
3e89ebdb49f712c7d90d1b39e348bbbf,919,FR-M21S-48,"LL Mountain Frame - Silver, 48",M ,L ,U ,Silver,48,144.5938,264.05,500,375,t,t,2013-05-30,,,t
6d0f846348a856321729a2f36734d1a7,920,FR-M21S-52,"LL Mountain Frame - Silver, 52",M ,L ,U ,Silver,52,144.5938,264.05,500,375,t,t,2013-05-30,,,t
430c3626b879b4005d41b8a46172e0c0,921,TT-M928,Mountain Tire Tube,M ,,,,,1.8663,4.99,500,375,f,t,2013-05-30,,,t
ccc0aa1b81bf81e16c676ddb977c5881,922,TT-R982,Road Tire Tube,R ,,,,,1.4923,3.99,500,375,f,t,2013-05-30,,,t
c4015b7f368e6b4871809f49debe0579,923,TT-T092,Touring Tire Tube,T ,,,,,1.8663,4.99,500,375,f,t,2013-05-30,,,t
bea5955b308361a1b07bc55042e25e54,924,FR-M21B-42,"LL Mountain Frame - Black, 42",M ,L ,U ,Black,42,136.785,249.79,500,375,t,t,2013-05-30,,,t
7fa732b517cbed14a48843d74526c11a,925,FR-M21B-44,"LL Mountain Frame - Black, 44",M ,L ,U ,Black,44,136.785,249.79,500,375,t,t,2013-05-30,,,t
cbb6a3b884f4f88b3a8e3d44c636cbd8,926,FR-M21B-48,"LL Mountain Frame - Black, 48",M ,L ,U ,Black,48,136.785,249.79,500,375,t,t,2013-05-30,,,t
1f4477bad7af3616c1f933a02bfabe4e,927,FR-M21B-52,"LL Mountain Frame - Black, 52",M ,L ,U ,Black,52,136.785,249.79,500,375,t,t,2013-05-30,,,t
d045c59a90d7587d8d671b5f5aec4e7c,928,TI-M267,LL Mountain Tire,M ,L ,,,,9.3463,24.99,500,375,f,t,2013-05-30,,,t
0d0871f0806eae32d30983b62252da50,929,TI-M602,ML Mountain Tire,M ,M ,,,,11.2163,29.99,500,375,f,t,2013-05-30,,,t
1cc3633c579a90cfdd895e64021e2163,930,TI-M823,HL Mountain Tire,M ,H ,,,,13.09,35,500,375,f,t,2013-05-30,,,t
9f53d83ec0691550f7d2507d57f4f5a2,931,TI-R092,LL Road Tire,R ,L ,,,,8.0373,21.49,500,375,f,t,2013-05-30,,,t
d2ed45a52bc0edfa11c2064e9edee8bf,932,TI-R628,ML Road Tire,R ,M ,,,,9.3463,24.99,500,375,f,t,2013-05-30,,,t
043c3d7e489c69b48737cc0c92d0f3a2,933,TI-R982,HL Road Tire,R ,H ,,,,12.1924,32.6,500,375,f,t,2013-05-30,,,t
4daa3db355ef2b0e64b472968cb70f0d,934,TI-T723,Touring Tire,T ,,,,,10.8423,28.99,500,375,f,t,2013-05-30,,,t
e820a45f1dfc7b95282d10b6087e11c0,935,PD-M282,LL Mountain Pedal,M ,L ,,Silver/Black,,17.9776,40.49,500,375,f,t,2013-05-30,,,t
90794e3b050f815354e3e29e977a88ab,936,PD-M340,ML Mountain Pedal,M ,M ,,Silver/Black,,27.568,62.09,500,375,f,t,2013-05-30,,,t
b7892fb3c2f009c65f686f6355c895b5,937,PD-M562,HL Mountain Pedal,M ,H ,,Silver/Black,,35.9596,80.99,500,375,f,t,2013-05-30,,,t
74bba22728b6185eec06286af6bec36d,938,PD-R347,LL Road Pedal,R ,L ,,Silver/Black,,17.9776,40.49,500,375,f,t,2013-05-30,,,t
3df1d4b96d8976ff5986393e8767f5b2,939,PD-R563,ML Road Pedal,R ,M ,,Silver/Black,,27.568,62.09,500,375,f,t,2013-05-30,,,t
8d6dc35e506fc23349dd10ee68dabb64,940,PD-R853,HL Road Pedal,R ,H ,,Silver/Black,,35.9596,80.99,500,375,f,t,2013-05-30,,,t
92262bf907af914b95a0fc33c3f33bf6,941,PD-T852,Touring Pedal,T ,,,Silver/Black,,35.9596,80.99,500,375,f,t,2013-05-30,,,t
b55ec28c52d5f6205684a473a2193564,942,FR-M63S-38,"ML Mountain Frame-W - Silver, 38",M ,M ,W ,Silver,38,199.3757,364.09,500,375,t,t,2013-05-30,,,t
2f885d0fbe2e131bfc9d98363e55d1d4,943,FR-M21B-40,"LL Mountain Frame - Black, 40",M ,L ,U ,Black,40,136.785,249.79,500,375,t,t,2013-05-30,,,t
64223ccf70bbb65a3a4aceac37e21016,944,FR-M21S-40,"LL Mountain Frame - Silver, 40",M ,L ,U ,Silver,40,144.5938,264.05,500,375,t,t,2013-05-30,,,t
4b6538a44a1dfdc2b83477cd76dee98e,945,FD-2342,Front Derailleur,,,,Silver,,40.6216,91.49,500,375,t,t,2013-05-30,,,t
c8c41c4a18675a74e01c8a20e8a0f662,946,HB-T721,LL Touring Handlebars,T ,L ,,,,20.464,46.09,500,375,t,t,2013-05-30,,,t
c4b31ce7d95c75ca70d50c19aef08bf1,947,HB-T928,HL Touring Handlebars,T ,H ,,,,40.6571,91.57,500,375,t,t,2013-05-30,,,t
58e4d44e550d0f7ee0a23d6b02d9b0db,948,FB-9873,Front Brakes,,,,Silver,,47.286,106.5,500,375,f,t,2013-05-30,,,t
3cef96dcc9b8035d23f69e30bb19218a,949,CS-4759,LL Crankset,,L ,,Black,,77.9176,175.49,500,375,t,t,2013-05-30,,,t
a3d68b461bd9d3533ee1dd3ce4628ed4,950,CS-6583,ML Crankset,,M ,,Black,,113.8816,256.49,500,375,t,t,2013-05-30,,,t
1c1d4df596d01da60385f0bb17a4a9e0,951,CS-9183,HL Crankset,,H ,,Black,,179.8156,404.99,500,375,t,t,2013-05-30,,,t
e6cb2a3c14431b55aa50c06529eaa21b,952,CH-0234,Chain,,,,Silver,,8.9866,20.24,500,375,f,t,2013-05-30,,,t
9232fe81225bcaef853ae32870a2b0fe,953,BK-T44U-60,"Touring-2000 Blue, 60",T ,M ,U ,Blue,60,755.1508,1214.85,100,75,t,t,2013-05-30,,,t
6395ebd0f4b478145ecfbaf939454fa4,954,BK-T79Y-46,"Touring-1000 Yellow, 46",T ,H ,U ,Yellow,46,1481.9379,2384.07,100,75,t,t,2013-05-30,,,t
ef4e3b775c934dada217712d76f3d51f,955,BK-T79Y-50,"Touring-1000 Yellow, 50",T ,H ,U ,Yellow,50,1481.9379,2384.07,100,75,t,t,2013-05-30,,,t
168908dd3227b8358eababa07fcaf091,956,BK-T79Y-54,"Touring-1000 Yellow, 54",T ,H ,U ,Yellow,54,1481.9379,2384.07,100,75,t,t,2013-05-30,,,t
2ba596643cbbbc20318224181fa46b28,957,BK-T79Y-60,"Touring-1000 Yellow, 60",T ,H ,U ,Yellow,60,1481.9379,2384.07,100,75,t,t,2013-05-30,,,t
d240e3d38a8882ecad8633c8f9c78c9b,958,BK-T18U-54,"Touring-3000 Blue, 54",T ,L ,U ,Blue,54,461.4448,742.35,100,75,t,t,2013-05-30,,,t
0f840be9b8db4d3fbd5ba2ce59211f55,959,BK-T18U-58,"Touring-3000 Blue, 58",T ,L ,U ,Blue,58,461.4448,742.35,100,75,t,t,2013-05-30,,,t
437d7d1d97917cd627a34a6a0fb41136,960,BK-T18U-62,"Touring-3000 Blue, 62",T ,L ,U ,Blue,62,461.4448,742.35,100,75,t,t,2013-05-30,,,t
d707329bece455a462b58ce00d1194c9,961,BK-T18Y-44,"Touring-3000 Yellow, 44",T ,L ,U ,Yellow,44,461.4448,742.35,100,75,t,t,2013-05-30,,,t
5c936263f3428a40227908d5a3847c0b,962,BK-T18Y-50,"Touring-3000 Yellow, 50",T ,L ,U ,Yellow,50,461.4448,742.35,100,75,t,t,2013-05-30,,,t
1ce927f875864094e3906a4a0b5ece68,963,BK-T18Y-54,"Touring-3000 Yellow, 54",T ,L ,U ,Yellow,54,461.4448,742.35,100,75,t,t,2013-05-30,,,t
8065d07da4a77621450aa84fee5656d9,964,BK-T18Y-58,"Touring-3000 Yellow, 58",T ,L ,U ,Yellow,58,461.4448,742.35,100,75,t,t,2013-05-30,,,t
eeb69a3cb92300456b6a5f4162093851,965,BK-T18Y-62,"Touring-3000 Yellow, 62",T ,L ,U ,Yellow,62,461.4448,742.35,100,75,t,t,2013-05-30,,,t
4e0cb6fb5fb446d1c92ede2ed8780188,966,BK-T79U-46,"Touring-1000 Blue, 46",T ,H ,U ,Blue,46,1481.9379,2384.07,100,75,t,t,2013-05-30,,,t
6cfe0e6127fa25df2a0ef2ae1067d915,967,BK-T79U-50,"Touring-1000 Blue, 50",T ,H ,U ,Blue,50,1481.9379,2384.07,100,75,t,t,2013-05-30,,,t
8f468c873a32bb0619eaeb2050ba45d1,968,BK-T79U-54,"Touring-1000 Blue, 54",T ,H ,U ,Blue,54,1481.9379,2384.07,100,75,t,t,2013-05-30,,,t
e744f91c29ec99f0e662c9177946c627,969,BK-T79U-60,"Touring-1000 Blue, 60",T ,H ,U ,Blue,60,1481.9379,2384.07,100,75,t,t,2013-05-30,,,t
89fcd07f20b6785b92134bd6c1d0fa42,970,BK-T44U-46,"Touring-2000 Blue, 46",T ,M ,U ,Blue,46,755.1508,1214.85,100,75,t,t,2013-05-30,,,t
6602294be910b1e3c4571bd98c4d5484,971,BK-T44U-50,"Touring-2000 Blue, 50",T ,M ,U ,Blue,50,755.1508,1214.85,100,75,t,t,2013-05-30,,,t
c22abfa379f38b5b0411bc11fa9bf92f,972,BK-T44U-54,"Touring-2000 Blue, 54",T ,M ,U ,Blue,54,755.1508,1214.85,100,75,t,t,2013-05-30,,,t
ca75910166da03ff9d4655a0338e6b09,973,BK-R79Y-40,"Road-350-W Yellow, 40",R ,M ,W ,Yellow,40,1082.51,1700.99,100,75,t,t,2013-05-30,,,t
4311359ed4969e8401880e3c1836fbe1,974,BK-R79Y-42,"Road-350-W Yellow, 42",R ,M ,W ,Yellow,42,1082.51,1700.99,100,75,t,t,2013-05-30,,,t
92977ae4d2ba21425a59afb269c2a14e,975,BK-R79Y-44,"Road-350-W Yellow, 44",R ,M ,W ,Yellow,44,1082.51,1700.99,100,75,t,t,2013-05-30,,,t
9c01802ddb981e6bcfbec0f0516b8e35,976,BK-R79Y-48,"Road-350-W Yellow, 48",R ,M ,W ,Yellow,48,1082.51,1700.99,100,75,t,t,2013-05-30,,,t
cc1aa436277138f61cda703991069eaf,977,BK-R19B-58,"Road-750 Black, 58",R ,L ,U ,Black,58,343.6496,539.99,100,75,t,t,2013-05-30,,,t
2ab56412b1163ee131e1246da0955bd1,978,BK-T18U-44,"Touring-3000 Blue, 44",T ,L ,U ,Blue,44,461.4448,742.35,100,75,t,t,2013-05-30,,,t
c32d9bf27a3da7ec8163957080c8628e,979,BK-T18U-50,"Touring-3000 Blue, 50",T ,L ,U ,Blue,50,461.4448,742.35,100,75,t,t,2013-05-30,,,t
d79aac075930c83c2f1e369a511148fe,980,BK-M38S-38,"Mountain-400-W Silver, 38",M ,M ,W ,Silver,38,419.7784,769.49,100,75,t,t,2013-05-30,,,t
287e03db1d99e0ec2edb90d079e142f3,981,BK-M38S-40,"Mountain-400-W Silver, 40",M ,M ,W ,Silver,40,419.7784,769.49,100,75,t,t,2013-05-30,,,t
fec8d47d412bcbeece3d9128ae855a7a,982,BK-M38S-42,"Mountain-400-W Silver, 42",M ,M ,W ,Silver,42,419.7784,769.49,100,75,t,t,2013-05-30,,,t
6aab1270668d8cac7cef2566a1c5f569,983,BK-M38S-46,"Mountain-400-W Silver, 46",M ,M ,W ,Silver,46,419.7784,769.49,100,75,t,t,2013-05-30,,,t
d93ed5b6db83be78efb0d05ae420158e,984,BK-M18S-40,"Mountain-500 Silver, 40",M ,L ,U ,Silver,40,308.2179,564.99,100,75,t,t,2013-05-30,,,t
54a367d629152b720749e187b3eaa11b,985,BK-M18S-42,"Mountain-500 Silver, 42",M ,L ,U ,Silver,42,308.2179,564.99,100,75,t,t,2013-05-30,,,t
fe7ee8fc1959cc7214fa21c4840dff0a,986,BK-M18S-44,"Mountain-500 Silver, 44",M ,L ,U ,Silver,44,308.2179,564.99,100,75,t,t,2013-05-30,,,t
df6d2338b2b8fce1ec2f6dda0a630eb0,987,BK-M18S-48,"Mountain-500 Silver, 48",M ,L ,U ,Silver,48,308.2179,564.99,100,75,t,t,2013-05-30,,,t
9908279ebbf1f9b250ba689db6a0222b,988,BK-M18S-52,"Mountain-500 Silver, 52",M ,L ,U ,Silver,52,308.2179,564.99,100,75,t,t,2013-05-30,,,t
a1140a3d0df1c81e24ae954d935e8926,989,BK-M18B-40,"Mountain-500 Black, 40",M ,L ,U ,Black,40,294.5797,539.99,100,75,t,t,2013-05-30,,,t
4fac9ba115140ac4f1c22da82aa0bc7f,990,BK-M18B-42,"Mountain-500 Black, 42",M ,L ,U ,Black,42,294.5797,539.99,100,75,t,t,2013-05-30,,,t
692f93be8c7a41525c0baf2076aecfb4,991,BK-M18B-44,"Mountain-500 Black, 44",M ,L ,U ,Black,44,294.5797,539.99,100,75,t,t,2013-05-30,,,t
860320be12a1c050cd7731794e231bd3,992,BK-M18B-48,"Mountain-500 Black, 48",M ,L ,U ,Black,48,294.5797,539.99,100,75,t,t,2013-05-30,,,t
7b13b2203029ed80337f27127a9f1d28,993,BK-M18B-52,"Mountain-500 Black, 52",M ,L ,U ,Black,52,294.5797,539.99,100,75,t,t,2013-05-30,,,t
934815ad542a4a7c5e8a2dfa04fea9f5,994,BB-7421,LL Bottom Bracket,,L ,,,,23.9716,53.99,500,375,t,t,2013-05-30,,,t
2bcab9d935d219641434683dd9d18a03,995,BB-8107,ML Bottom Bracket,,M ,,,,44.9506,101.24,500,375,t,t,2013-05-30,,,t
0b8aff0438617c055eb55f0ba5d226fa,996,BB-9108,HL Bottom Bracket,,H ,,,,53.9416,121.49,500,375,t,t,2013-05-30,,,t
ec5aa0b7846082a2415f0902f0da88f2,997,BK-R19B-44,"Road-750 Black, 44",R ,L ,U ,Black,44,343.6496,539.99,100,75,t,t,2013-05-30,,,t
9ab0d88431732957a618d4a469a0d4c3,998,BK-R19B-48,"Road-750 Black, 48",R ,L ,U ,Black,48,343.6496,539.99,100,75,t,t,2013-05-30,,,t
b706835de79a2b4e80506f582af3676a,999,BK-R19B-52,"Road-750 Black, 52",R ,L ,U ,Black,52,343.6496,539.99,100,75,t,t,2013-05-30,,,t
